"NFL", "https://site.api.espn.com/apis/site/v2/sports/football/nfl/scoreboard"

# CFL last date 2022 "CFL", "https://site.api.espn.com/apis/site/v2/sports/football/cfl/scoreboard"
#"UFL", "https://site.api.espn.com/apis/site/v2/sports/football/ufl/scoreboard"
#"XFL", "https://site.api.espn.com/apis/site/v2/sports/football/xfl/scoreboard"

"MLB", "https://site.api.espn.com/apis/site/v2/sports/baseball/mlb/scoreboard"
#"World Baseball Classic", "https://site.api.espn.com/apis/site/v2/sports/baseball/world-baseball-classic/scoreboard"
#"Dominican Winter League", "https://site.api.espn.com/apis/site/v2/sports/baseball/dominican-winter-league/scoreboard"
"NBA", "https://site.api.espn.com/apis/site/v2/sports/basketball/nba/scoreboard"
"NBA G-League", "https://site.api.espn.com/apis/site/v2/sports/basketball/nba-development/scoreboard"
"NBL (AUS)", "https://site.api.espn.com/apis/site/v2/sports/basketball/nbl/scoreboard"
"FIBA", "https://site.api.espn.com/apis/site/v2/sports/basketball/fiba/scoreboard"
"WNBA", "https://site.api.espn.com/apis/site/v2/sports/basketball/wnba/scoreboard"
"NHL", "https://site.api.espn.com/apis/site/v2/sports/hockey/nhl/scoreboard"

"MLS", "https://site.api.espn.com/apis/site/v2/sports/soccer/usa.1/scoreboard"

"NCAA Football (FBS)", "http://site.web.api.espn.com/apis/site/v2/sports/football/college-football/scoreboard?groups=80"
#"NCAA Football (FCS)", "http://site.web.api.espn.com/apis/site/v2/sports/football/college-football/scoreboard?groups=81"
#"NCAA Football (DII/DIII)", "http://site.web.api.espn.com/apis/site/v2/sports/football/college-football/scoreboard?groups=35"
"NCAA Men's Basketball", "http://site.web.api.espn.com/apis/site/v2/sports/basketball/mens-college-basketball/scoreboard?groups=80"
"NCAA Men's Soccer", "http://site.web.api.espn.com/apis/site/v2/sports/soccer/usa.ncaa.m.1/scoreboard"
"NCAA Men's Hockey", "http://site.api.espn.com/apis/site/v2/sports/hockey/mens-college-hockey/scoreboard"    
"NCAA Baseball", "http://site.api.espn.com/apis/site/v2/sports/baseball/college-baseball/scoreboard" 
"NCAA Women's Basketball", "http://site.web.api.espn.com/apis/site/v2/sports/basketball/womens-college-basketball/scoreboard"
"NCAA Women's Volleyball", "http://site.web.api.espn.com/apis/site/v2/sports/volleyball/womens-college-volleyball/scoreboard"
"NCAA Women's Soccer", "http://site.web.api.espn.com/apis/site/v2/sports/soccer/usa.ncaa.w.1/scoreboard"
"NCAA Women's Hockey", "http://site.api.espn.com/apis/site/v2/sports/hockey/womens-college-hockey/scoreboard"    
"NCAA Women's Softball", "http://site.api.espn.com/apis/site/v2/sports/baseball/college-softball/scoreboard"
"NWSL", "http://site.api.espn.com/apis/site/v2/sports/soccer/usa.nwsl/scoreboard"
"USL Championship", "http://site.api.espn.com/apis/site/v2/sports/soccer/usa.usl.1/scoreboard"
#"U.S. Open Cup", "http://site.api.espn.com/apis/site/v2/sports/soccer/usa.open/scoreboard"
"Liga MX", "http://site.api.espn.com/apis/site/v2/sports/soccer/mex.1/scoreboard"
"English Premier League", "http://site.api.espn.com/apis/site/v2/sports/soccer/eng.1/scoreboard"
"English Championship", "http://site.api.espn.com/apis/site/v2/sports/soccer/eng.2/scoreboard"
"German Bundesliga", "http://site.api.espn.com/apis/site/v2/sports/soccer/ger.1/scoreboard"
"German 2.Bundesliga", "http://site.api.espn.com/apis/site/v2/sports/soccer/ger.2/scoreboard"
"Italian Serie A", "http://site.api.espn.com/apis/site/v2/sports/soccer/ita.1/scoreboard" 
"French Ligue 1", "http://site.api.espn.com/apis/site/v2/sports/soccer/fra.1/scoreboard"
"Spanish LALIGA", "http://site.api.espn.com/apis/site/v2/sports/soccer/esp.1/scoreboard"
"UEFA Champions League", "http://site.api.espn.com/apis/site/v2/sports/soccer/uefa.champions/scoreboard"
"UEFA Europa League", "http://site.api.espn.com/apis/site/v2/sports/soccer/uefa.europa/scoreboard"
"FIFA World Cup", "http://site.api.espn.com/apis/site/v2/sports/soccer/fifa.world/scoreboard"
"FIFA Women's World Cup", "http://site.api.espn.com/apis/site/v2/sports/soccer/fifa.wwc/scoreboard"